{"model_name": "2", "total_score": 0.7518989000567542, "section_f1_score": 0.8434497857068707, "section_mape_score": 0.3664007137737083, "total_cost_score": 0.9477517269364216, "material_grouping_score": 0.8896321070234113, "labor_grouping_score": 1.0}