{"model_name": "4", "total_score": 0.8000368646833046, "section_f1_score": 0.8650964524366059, "section_mape_score": 0.5096866352580448, "total_cost_score": 0.9527273755785906, "material_grouping_score": 0.8829337094499294, "labor_grouping_score": 1.0}