{"model_name": "5", "total_score": 0.801891423380267, "section_f1_score": 0.8680119397510703, "section_mape_score": 0.5109786915084967, "total_cost_score": 0.9600040277477491, "material_grouping_score": 0.869942196531792, "labor_grouping_score": 1.0}