{"model_name": "7", "total_score": 0.7449106769289933, "section_f1_score": 0.8039384592016171, "section_mape_score": 0.35108157301578014, "total_cost_score": 0.9690395686155261, "material_grouping_score": 0.8808664259927798, "labor_grouping_score": 1.0}